<?xml version="1.0" encoding="UTF-8" ?>
<XMLDB PATH="mod/signup/db" VERSION="2006060600" COMMENT="XMLDB file for Moodle mod/internalmail">
  <TABLES>
    <TABLE NAME="internalmail" COMMENT="Internalmail contain and structure" NEXT="internalmail_discussions">
      <FIELDS>
        <FIELD NAME="id" TYPE="int" LENGTH="10" NOTNULL="true" UNSIGNED="true" SEQUENCE="true" ENUM="false" NEXT="course" />
        <FIELD NAME="course" TYPE="int" LENGTH="10" NOTNULL="true" UNSIGNED="true" DEFAULT="0" SEQUENCE="false" ENUM="false" PREVIOUS="id" NEXT="name" />
        <FIELD NAME="name" TYPE="char" LENGTH="255" NOTNULL="true" SEQUENCE="false" ENUM="false" PREVIOUS="course" NEXT="intro" />
        <FIELD NAME="intro" TYPE="text" LENGTH="small" NOTNULL="false" SEQUENCE="false" ENUM="false" PREVIOUS="name" NEXT="maxbytes" />
        <FIELD NAME="maxbytes" TYPE="int" LENGTH="10" NOTNULL="false" UNSIGNED="true" DEFAULT="0" SEQUENCE="false" ENUM="false" PREVIOUS="intro" NEXT="timemodified" />
        <FIELD NAME="timemodified" TYPE="int" LENGTH="10" NOTNULL="true" UNSIGNED="true" DEFAULT="0" SEQUENCE="false" ENUM="false" PREVIOUS="maxbytes" />
      </FIELDS>
      <KEYS>
        <KEY NAME="primary" TYPE="primary" FIELDS="id" COMMENT="Primary key for internalmail" />
      </KEYS>
      <INDEXES>
        <INDEX NAME="course" UNIQUE="false" FIELDS="course" />
      </INDEXES>
    </TABLE>
    <TABLE NAME="internalmail_discussions" COMMENT="Internalmail are composed of discussions" PREVIOUS="internalmail" NEXT="internalmail_posts">
      <FIELDS>
        <FIELD NAME="id" TYPE="int" LENGTH="10" NOTNULL="true" UNSIGNED="true" SEQUENCE="true" ENUM="false" NEXT="course" />
        <FIELD NAME="course" TYPE="int" LENGTH="10" NOTNULL="true" UNSIGNED="true" DEFAULT="0" SEQUENCE="false" ENUM="false" PREVIOUS="id" NEXT="simplemail" />
        <FIELD NAME="simplemail" TYPE="int" LENGTH="10" NOTNULL="true" UNSIGNED="true" DEFAULT="0" SEQUENCE="false" ENUM="false" PREVIOUS="course" NEXT="name" />
        <FIELD NAME="name" TYPE="char" LENGTH="255" NOTNULL="true" SEQUENCE="false" ENUM="false" PREVIOUS="simplemail" NEXT="firstpost" />
        <FIELD NAME="firstpost" TYPE="int" LENGTH="10" NOTNULL="true" UNSIGNED="true" DEFAULT="0" SEQUENCE="false" ENUM="false" PREVIOUS="name" NEXT="userid" />
        <FIELD NAME="userid" TYPE="int" LENGTH="10" NOTNULL="true" UNSIGNED="true" DEFAULT="0" SEQUENCE="false" ENUM="false" PREVIOUS="firstpost" NEXT="groupid" />
        <FIELD NAME="groupid" TYPE="int" LENGTH="10" NOTNULL="true" UNSIGNED="false" DEFAULT="-1" SEQUENCE="false" ENUM="false" PREVIOUS="userid" NEXT="assessed" />
        <FIELD NAME="assessed" TYPE="int" LENGTH="1" NOTNULL="true" UNSIGNED="true" DEFAULT="1" SEQUENCE="false" ENUM="false" PREVIOUS="groupid" NEXT="timemodified" />
        <FIELD NAME="timemodified" TYPE="int" LENGTH="10" NOTNULL="true" UNSIGNED="true" DEFAULT="0" SEQUENCE="false" ENUM="false" PREVIOUS="assessed" NEXT="usermodified" />
        <FIELD NAME="usermodified" TYPE="int" LENGTH="10" NOTNULL="true" UNSIGNED="true" DEFAULT="0" SEQUENCE="false" ENUM="false" PREVIOUS="timemodified" />
      </FIELDS>
      <KEYS>
        <KEY NAME="primary" TYPE="primary" FIELDS="id" COMMENT="Primary key for internalmail_discussions" />
      </KEYS>
      <INDEXES>
        <INDEX NAME="userid" UNIQUE="false" FIELDS="userid"/>
      </INDEXES>
    </TABLE>

    <TABLE NAME="internalmail_posts" COMMENT="Internalmail - All posts are stored in this table" PREVIOUS="internalmail_discussions" NEXT="internalmail_history">
      <FIELDS>
        <FIELD NAME="id" TYPE="int" LENGTH="10" NOTNULL="true" UNSIGNED="true" SEQUENCE="true" ENUM="false" NEXT="discussion" />
        <FIELD NAME="discussion" TYPE="int" LENGTH="10" NOTNULL="true" UNSIGNED="true" DEFAULT="0" SEQUENCE="false" ENUM="false" PREVIOUS="id" NEXT="parent" />
        <FIELD NAME="parent" TYPE="int" LENGTH="10" NOTNULL="true" UNSIGNED="true" DEFAULT="0" SEQUENCE="false" ENUM="false" PREVIOUS="discussion" NEXT="oldparent" />
        <FIELD NAME="oldparent" TYPE="int" LENGTH="10" NOTNULL="true" UNSIGNED="true" DEFAULT="0" SEQUENCE="false" ENUM="false" PREVIOUS="parent" NEXT="userid" />
        <FIELD NAME="userid" TYPE="int" LENGTH="10" NOTNULL="true" UNSIGNED="true" DEFAULT="0" SEQUENCE="false" ENUM="false" PREVIOUS="oldparent" NEXT="created" />
        <FIELD NAME="created" TYPE="int" LENGTH="10" NOTNULL="true" UNSIGNED="true" DEFAULT="0" SEQUENCE="false" ENUM="false" PREVIOUS="userid" NEXT="modified" />
        <FIELD NAME="modified" TYPE="int" LENGTH="10" NOTNULL="true" UNSIGNED="true" DEFAULT="0" SEQUENCE="false" ENUM="false" PREVIOUS="created" NEXT="mailed" />
        <FIELD NAME="mailed" TYPE="int" LENGTH="2" NOTNULL="true" UNSIGNED="true" DEFAULT="0" SEQUENCE="false" ENUM="false" PREVIOUS="modified" NEXT="subject" />
        <FIELD NAME="subject" TYPE="char" LENGTH="255" NOTNULL="true" SEQUENCE="false" ENUM="false" PREVIOUS="mailed" NEXT="message" />
        <FIELD NAME="message" TYPE="text" LENGTH="small" NOTNULL="false" SEQUENCE="false" ENUM="false" PREVIOUS="subject" NEXT="format" />
        <FIELD NAME="format" TYPE="int" LENGTH="2" NOTNULL="true" UNSIGNED="true" DEFAULT="0" SEQUENCE="false" ENUM="false" PREVIOUS="message" NEXT="attachment" />
        <FIELD NAME="attachment" TYPE="char" LENGTH="100" NOTNULL="true" SEQUENCE="false" ENUM="false" PREVIOUS="format" NEXT="totalscore" />
        <FIELD NAME="totalscore" TYPE="int" LENGTH="4" NOTNULL="true" UNSIGNED="true" DEFAULT="0" SEQUENCE="false" ENUM="false" PREVIOUS="attachment" NEXT="course" />
        <FIELD NAME="course" TYPE="int" LENGTH="10" NOTNULL="true" UNSIGNED="true" DEFAULT="0" SEQUENCE="false" ENUM="false" PREVIOUS="totalscore" />
      </FIELDS>
      <KEYS>
        <KEY NAME="primary" TYPE="primary" FIELDS="id" COMMENT="Primary key for internalmail_posts" NEXT="discussion" />
        <KEY NAME="discussion" TYPE="foreign" FIELDS="discussion" REFTABLE="internalmail_discussions" REFFIELDS="id" PREVIOUS="primary" />
      </KEYS>
      <INDEXES>
        <INDEX NAME="userid" UNIQUE="false" FIELDS="userid" NEXT="created"/>
        <INDEX NAME="created" UNIQUE="false" FIELDS="created" PREVIOUS="userid" NEXT="mailed"/>
        <INDEX NAME="mailed" UNIQUE="false" FIELDS="mailed" PREVIOUS="created"/>
      </INDEXES>
    </TABLE>
    <TABLE NAME="internalmail_history" COMMENT="Internalmail - Keeps track of all actions related to a message" PREVIOUS="internalmail_posts" NEXT="internalmail_block">
      <FIELDS>
        <FIELD NAME="id" TYPE="int" LENGTH="15" NOTNULL="true" UNSIGNED="true" SEQUENCE="true" ENUM="false" NEXT="mailid" />
        <FIELD NAME="mailid" TYPE="int" LENGTH="10" NOTNULL="true" UNSIGNED="true" DEFAULT="0" SEQUENCE="false" ENUM="false" PREVIOUS="id" NEXT="time" />
        <FIELD NAME="time" TYPE="int" LENGTH="10" NOTNULL="true" UNSIGNED="true" DEFAULT="0" SEQUENCE="false" ENUM="false" PREVIOUS="mailid" NEXT="event" />
        <FIELD NAME="event" TYPE="char" LENGTH="10" NOTNULL="true" SEQUENCE="false" ENUM="false"  PREVIOUS="time" NEXT="userid" />
        <FIELD NAME="userid" TYPE="int" LENGTH="10" NOTNULL="true" UNSIGNED="true" DEFAULT="0" SEQUENCE="false" ENUM="false" PREVIOUS="event" NEXT="parent" />
        <FIELD NAME="parent" TYPE="int" LENGTH="10" NOTNULL="true" UNSIGNED="true" DEFAULT="0" SEQUENCE="false" ENUM="false" PREVIOUS="userid" />
      </FIELDS>
      <KEYS>
        <KEY NAME="primary" TYPE="primary" FIELDS="id" COMMENT="Primary key for internalmail_history" />
      </KEYS>
      <INDEXES>
        <INDEX NAME="mailid" UNIQUE="false" FIELDS="mailid" NEXT="userid"/>
        <INDEX NAME="userid" UNIQUE="false" FIELDS="userid" PREVIOUS="mailid" />
      </INDEXES>
    </TABLE>
    <TABLE NAME="internalmail_block" COMMENT="Internalmail - list of all internalmail blocks" PREVIOUS="internalmail_history" NEXT="internalmail_block_instance">
      <FIELDS>
        <FIELD NAME="id" TYPE="int" LENGTH="10" NOTNULL="true" UNSIGNED="true" SEQUENCE="true" ENUM="false" NEXT="name" />
        <FIELD NAME="name" TYPE="char" LENGTH="40" NOTNULL="true" SEQUENCE="false" ENUM="false" PREVIOUS="id" NEXT="version" />
        <FIELD NAME="version" TYPE="int" LENGTH="10" NOTNULL="true" UNSIGNED="true" DEFAULT="0" SEQUENCE="false" ENUM="false" PREVIOUS="name" NEXT="cron" />
        <FIELD NAME="cron" TYPE="int" LENGTH="10" NOTNULL="true" UNSIGNED="true" DEFAULT="0" SEQUENCE="false" ENUM="false" PREVIOUS="version" NEXT="lastcron" />
        <FIELD NAME="lastcron" TYPE="int" LENGTH="10" NOTNULL="true" UNSIGNED="true" DEFAULT="0" SEQUENCE="false" ENUM="false" PREVIOUS="cron" NEXT="visible" />
        <FIELD NAME="visible" TYPE="int" LENGTH="10" NOTNULL="true" UNSIGNED="true" DEFAULT="1" SEQUENCE="false" ENUM="false" PREVIOUS="lastcron" NEXT="multiple" />
        <FIELD NAME="multiple" TYPE="int" LENGTH="10" NOTNULL="true" UNSIGNED="true" DEFAULT="0" SEQUENCE="false" ENUM="false" PREVIOUS="visible" />
      </FIELDS>
      <KEYS>
        <KEY NAME="primary" TYPE="primary" FIELDS="id" COMMENT="Primary key for internalmail_block" />
      </KEYS>
    </TABLE>
    <TABLE NAME="internalmail_block_instance" COMMENT="Internalmail - list of all internalmail blocks instance " PREVIOUS="internalmail_block" NEXT="internalmail_copiesenabled">
      <FIELDS>
        <FIELD NAME="id" TYPE="int" LENGTH="10" NOTNULL="true" UNSIGNED="true" SEQUENCE="true" ENUM="false" NEXT="blockid" />
        <FIELD NAME="blockid" TYPE="int" LENGTH="10" NOTNULL="true" UNSIGNED="true" DEFAULT="0" SEQUENCE="false" ENUM="false" PREVIOUS="id" NEXT="pageid" />
        <FIELD NAME="pageid" TYPE="int" LENGTH="10" NOTNULL="true" UNSIGNED="true" DEFAULT="0" SEQUENCE="false" ENUM="false" PREVIOUS="blockid" NEXT="pagetype" />
        <FIELD NAME="pagetype" TYPE="char" LENGTH="20" NOTNULL="true" SEQUENCE="false" ENUM="false" PREVIOUS="pageid" NEXT="position" />
        <FIELD NAME="position" TYPE="char" LENGTH="10" NOTNULL="true" SEQUENCE="false" ENUM="false" PREVIOUS="pagetype" NEXT="weight" />
        <FIELD NAME="weight" TYPE="int" LENGTH="3" NOTNULL="true" UNSIGNED="true" DEFAULT="0" SEQUENCE="false" ENUM="false" PREVIOUS="position" NEXT="visible" />
        <FIELD NAME="visible" TYPE="int" LENGTH="1" NOTNULL="true" UNSIGNED="true" DEFAULT="0" SEQUENCE="false" ENUM="false" PREVIOUS="weight" />
      </FIELDS>
      <KEYS>
        <KEY NAME="primary" TYPE="primary" FIELDS="id" NEXT="blockid"/>
        <KEY NAME="blockid" TYPE="foreign" FIELDS="blockid" REFTABLE="internalmail_block" REFFIELDS="id" PREVIOUS="primary"/>
      </KEYS>
      <INDEXES>
        <INDEX NAME="pageid" UNIQUE="false" FIELDS="pageid" NEXT="pagetype"/>
        <INDEX NAME="pagetype" UNIQUE="false" FIELDS="pagetype" PREVIOUS="pageid"/>
      </INDEXES>
    </TABLE>
    <TABLE NAME="internalmail_copiesenabled" COMMENT="Teachers that want copies of students mails" PREVIOUS="internalmail_block_instance" NEXT="internalmail_subscriptions">
      <FIELDS>
        <FIELD NAME="id" TYPE="int" LENGTH="10" NOTNULL="true" UNSIGNED="true" SEQUENCE="true" ENUM="false" NEXT="userid" />
        <FIELD NAME="userid" TYPE="int" LENGTH="10" NOTNULL="true" UNSIGNED="true" DEFAULT="0" SEQUENCE="false" ENUM="false" PREVIOUS="id" NEXT="courseid" />
        <FIELD NAME="courseid" TYPE="int" LENGTH="10" NOTNULL="true" UNSIGNED="true" DEFAULT="0" SEQUENCE="false" ENUM="false" PREVIOUS="userid" />
      </FIELDS>
      <KEYS>
        <KEY NAME="primary" TYPE="primary" FIELDS="id" />
      </KEYS>
      <INDEXES>
        <INDEX NAME="userid-courseid" UNIQUE="true" FIELDS="userid,courseid" />
      </INDEXES>
    </TABLE>
    <TABLE NAME="internalmail_subscriptions" COMMENT="Subscriptions for email reminder" PREVIOUS="internalmail_copiesenabled" NEXT="internalmail_groups">
      <FIELDS>
        <FIELD NAME="id" TYPE="int" LENGTH="10" NOTNULL="true" UNSIGNED="true" SEQUENCE="true" ENUM="false" NEXT="userid" />
        <FIELD NAME="userid" TYPE="int" LENGTH="10" NOTNULL="true" UNSIGNED="true" DEFAULT="0" SEQUENCE="false" ENUM="false" PREVIOUS="id" />
      </FIELDS>
      <KEYS>
        <KEY NAME="primary" TYPE="primary" FIELDS="id" />
      </KEYS>
      <INDEXES>
        <INDEX NAME="userid" UNIQUE="true" FIELDS="userid" />
      </INDEXES>
    </TABLE>
    <TABLE NAME="internalmail_groups" COMMENT="Groups for creating aliases" PREVIOUS="internalmail_subscriptions" NEXT="internalmail_aliases">
      <FIELDS>
        <FIELD NAME="id" TYPE="int" LENGTH="10" NOTNULL="true" UNSIGNED="true" SEQUENCE="true" ENUM="false" NEXT="userid" />
        <FIELD NAME="userid" TYPE="int" LENGTH="10" NOTNULL="true" UNSIGNED="true" DEFAULT="0" SEQUENCE="false" ENUM="false" PREVIOUS="id" NEXT="groupname" />
        <FIELD NAME="groupname" TYPE="char" LENGTH="100" NOTNULL="true" SEQUENCE="false" ENUM="false" PREVIOUS="userid" NEXT="contacts" />
        <FIELD NAME="contacts" TYPE="text" LENGTH="small" NOTNULL="false" SEQUENCE="false" ENUM="false" PREVIOUS="groupname" />
      </FIELDS>
      <KEYS>
        <KEY NAME="primary" TYPE="primary" FIELDS="id" />
      </KEYS>
      <INDEXES>
        <INDEX NAME="userid-groupname" UNIQUE="true" FIELDS="userid,groupname" />
      </INDEXES>
    </TABLE>
    <TABLE NAME="internalmail_aliases" COMMENT="Groups aliases" PREVIOUS="internalmail_groups">
      <FIELDS>
        <FIELD NAME="id" TYPE="int" LENGTH="10" NOTNULL="true" UNSIGNED="true" SEQUENCE="true" ENUM="false" NEXT="mailid" />
        <FIELD NAME="mailid" TYPE="int" LENGTH="10" NOTNULL="true" UNSIGNED="true" DEFAULT="0" SEQUENCE="false" ENUM="false" PREVIOUS="id" />
      </FIELDS>
      <KEYS>
        <KEY NAME="primary" TYPE="primary" FIELDS="id" />
      </KEYS>
      <INDEXES>
        <INDEX NAME="mailid" UNIQUE="true" FIELDS="mailid" />
      </INDEXES>
    </TABLE>
  </TABLES>

  <STATEMENTS>
    <STATEMENT NAME="insert internalmail_block" TYPE="insert" TABLE="internalmail_block" COMMENT="Insert the values table internalmail_block" NEXT="insert log_display">
      <SENTENCES>
        <SENTENCE TEXT="(name,version,cron,lastcron,visible,multiple) VALUES ('courses',200504200,0,0,1,0)" />
        <SENTENCE TEXT="(name,version,cron,lastcron,visible,multiple) VALUES ('contacts',200504200,0,0,1,0)" />
        <SENTENCE TEXT="(name,version,cron,lastcron,visible,multiple) VALUES ('search',200504200,0,0,1,0)" />
        <SENTENCE TEXT="(name,version,cron,lastcron,visible,multiple) VALUES ('search_contacts',200603210,0,0,1,0)" />
        <SENTENCE TEXT="(name,version,cron,lastcron,visible,multiple) VALUES ('courses_notify',200603210,0,0,1,0)" />
      </SENTENCES>
    </STATEMENT>
    <STATEMENT NAME="insert log_display" TYPE="insert" TABLE="log_display" COMMENT="Initial insert of records on table log_display" PREVIOUS="insert internalmail_block">
      <SENTENCES>
        <SENTENCE TEXT="(module, action, mtable, field) VALUES ('internalmail', 'add', 'internalmail', 'name')" />
        <SENTENCE TEXT="(module, action, mtable, field) VALUES ('internalmail', 'update', 'internalmail', 'name')" />
        <SENTENCE TEXT="(module, action, mtable, field) VALUES ('internalmail', 'add discussion', 'internalmail_discuss', 'name')" />
        <SENTENCE TEXT="(module, action, mtable, field) VALUES ('internalmail', 'add post', 'internalmail_posts', 'subject')" />
        <SENTENCE TEXT="(module, action, mtable, field) VALUES ('internalmail', 'update post', 'internalmail_posts', 'subject')" />
        <SENTENCE TEXT="(module, action, mtable, field) VALUES ('internalmail', 'move discussion', 'internalmail_discuss', 'name')" />
        <SENTENCE TEXT="(module, action, mtable, field) VALUES ('internalmail', 'view subscribers', 'internalmail', 'name')" />
        <SENTENCE TEXT="(module, action, mtable, field) VALUES ('internalmail', 'view discussion', 'internalmail_discuss', 'name')" />
        <SENTENCE TEXT="(module, action, mtable, field) VALUES ('internalmail', 'view internalmail', 'internalmail', 'name')" />
        <SENTENCE TEXT="(module, action, mtable, field) VALUES ('internalmail', 'subscribe', 'internalmail', 'name')" />
        <SENTENCE TEXT="(module, action, mtable, field) VALUES ('internalmail', 'unsubscribe', 'internalmail', 'name')" />
      </SENTENCES>
    </STATEMENT>
  </STATEMENTS>
</XMLDB>
